{"hmph": "Who uses that word anymore", "- ": "Do you have a speech problem", "karen": "I think you're the real Karen here.", "-_-": "That's an extremely flat face", "bruh": "Yeah, I obviously agree with you.", "stop": "No, I shall never cease to annoy.", "st0p": "No, I shall never cease to annoy.", "wtf": "Abbreviating a cuss word is useless.", "shut up": "No, I am not going to shut up.", "no": "No, you.", "n0": "No, you.", "jia ru": "Very nice chanting. Very cool.", "i-": "You should finish that sentence.", "sigh": "There's not point in sighing here.", ".": "Periods don't give any emphasis at all.", "gr": "What are you, a hungry tiger?", "?": "Why are you always so confused?", "smh": "Why tell us you're shaking you head?", "omg": "God is annoyed when you say that for no reason", "haha": "We get it. You think you're funny. Stop spitting in my face.", "little": "No. Little is smaller than bit.", "bit": "No. Little is smaller than bit.", "lmao": "Please go to the hospital is your behind falls off.", "hehe": "Hm, who do you think you're fooling.", "fuck": "||By you? That's disgusting.||", "whore": "They say you're defined by what you eat.", "wh0re": "They say you're defined by what you eat.", "pro": "No, you are not, in fact, a pro.", "amogus": "Stop it. Get some help.", "imagine": "Why imagine? You're right here!", "idk": "Do you know anything?", "dogwater": "What does that even mean?", "wat": "What are confused about? That was so simple!"}